INSERT INTO city (name) VALUES
    ('La Plata'),
    ('Mar del Plata'),
    ('Bahía Blanca'),
    ('Tandil'),
    ('Olavarría'),
    ('Pergamino'),
    ('Junín'),
    ('Necochea'),
    ('Luján'),
    ('Tres Arroyos'),
    ('Tigre'),
    ('San Isidro'),
    ('Morón'),
    ('Avellaneda'),
    ('Campana'),
    ('Mercedes'),
    ('San Nicolás de los Arroyos'),
    ('Zárate'),
    ('Quilmes'),
    ('San Antonio de Areco'),
    ('General Villegas'),
    ('Carlos Casares'),
    ('Pehuajó'),
    ('Bolívar'),
    ('25 de Mayo'),
    ('Salliqueló'),
    ('Trenque Lauquen'),
    ('Azul'),
    ('Pinamar'),
    ('Villa Gesell'),
    ('Chivilcoy'),
    ('Balcarce'),
    ('General Madariaga'),
    ('Chascomús'),
    ('Punta Alta'),
    ('Santa Rosa'),
    ('General Pico'),
    ('Toay'),
    ('Realicó'),
    ('Eduardo Castex'),
    ('Victorica'),
    ('25 de Mayo (La Pampa)'),
    ('Macachín'),
    ('Catriló'),
    ('Guatraché'),
    ('La Adela'),
    ('Intendente Alvear'),
    ('Winifreda'),
    ('Doblas'),
    ('Alpachiri'),
    ('Jacinto Arauz'),
    ('General Acha'),
    ('Miguel Riglos'),
    ('Quemú Quemú'),
    ('Colonia Barón');
